,id,name,distance,moving_time,elapsed_time,total_elevation_gain,type,start_date_local,location_country,achievement_count,kudos_count,comment_count,athlete_count,photo_count,average_speed,max_speed,average_cadence,has_heartrate,average_heartrate,max_heartrate,elev_high,elev_low,pr_count,total_photo_count,suffer_score
0,4301663060,Carrera a la hora del almuerzo,10005.3,3282,3406,50.0,Run,2020-11-07T12:21:19Z,Espa√±a,6,8,0,1,0,3.049,6.4,84.6,True,160.6,175.0,65.9,46.4,2,0,112.0
1,4290831802,Carrera de tarde,8049.3,2694,2766,32.4,Run,2020-11-05T17:31:39Z,Espa√±a,5,15,0,1,0,2.988,4.6,84.3,True,160.3,183.0,57.2,48.0,0,0,88.0
2,4286230449,Carrera de tarde,8006.6,2502,2692,30.7,Run,2020-11-04T17:44:54Z,Espa√±a,2,9,0,1,0,3.2,4.0,84.1,True,147.2,178.0,57.2,48.0,2,0,45.0
3,4274546454,Nataci√≥n de ma√±ana,1100.0,1724,1746,0.0,Swim,2020-11-02T07:43:24Z,Espa√±a,0,5,0,1,0,0.638,1.2,22.6,False,,,,,0,0,
4,4270086678,Nataci√≥n de ma√±ana,550.0,710,2028,0.0,Swim,2020-11-01T10:25:54Z,Espa√±a,0,0,0,1,0,0.775,6.0,23.8,False,,,,,0,0,
5,4265914118,Carrera a la hora del almuerzo,10212.7,3375,3436,38.2,Run,2020-10-31T11:02:12Z,Espa√±a,2,10,0,1,0,3.026,7.3,82.6,True,160.9,194.0,56.9,48.0,0,0,112.0
6,4257274870,Nataci√≥n de ma√±ana,1025.0,1461,1574,0.0,Swim,2020-10-29T07:46:50Z,Espa√±a,0,6,2,1,0,0.702,2.1,24.4,False,,,,,0,0,
7,4255405018,Carrera de tarde,6039.7,2041,2203,26.4,Run,2020-10-28T17:15:11Z,Espa√±a,0,8,0,1,0,2.959,4.2,83.1,True,183.6,195.0,56.9,49.7,0,0,140.0
8,4251078298,Carrera de tarde,6767.8,2187,2343,35.4,Run,2020-10-27T17:51:01Z,Espa√±a,4,7,0,1,0,3.095,7.3,82.5,True,120.5,164.0,62.9,48.4,4,0,8.0
9,4240394358,Nataci√≥n de ma√±ana,600.0,925,1707,0.0,Swim,2020-10-25T10:32:50Z,Espa√±a,0,0,0,1,0,0.649,3.8,24.3,False,,,,,0,0,24.0
10,4236656500,Carrera a la hora del almuerzo,6999.0,2347,2681,33.1,Run,2020-10-24T12:51:43Z,Espa√±a,1,7,0,1,0,2.982,4.1,82.0,True,147.8,164.0,62.9,49.3,0,0,45.0
11,4229461178,Carrera de tarde,6010.4,2082,2115,16.4,Run,2020-10-22T17:36:06Z,Espa√±a,0,9,0,1,0,2.887,3.6,82.4,True,161.2,177.0,54.8,46.6,0,0,73.0
12,4185080881,Vuelta de reconocimiento Leamington Spa,5003.1,1779,1887,46.8,Run,2020-10-12T13:21:41Z,Espa√±a,0,11,0,1,0,2.812,5.1,81.7,True,173.6,200.0,61.6,43.0,0,0,92.0
13,4083423207,Actividad a la hora del almuerzo,0.0,2613,2613,0.0,WeightTraining,2020-09-14T12:14:10Z,Espa√±a,0,0,0,1,0,0.0,0.0,,True,81.4,116.0,,,0,0,4.0
14,4042425370,Actividad de noche,1617.7,2509,5448,0.0,Workout,2020-09-10T19:55:27Z,Espa√±a,0,3,0,1,0,0.645,1.5,57.8,True,99.4,138.0,85.9,84.8,0,0,6.0
15,4026924552,Actividad de noche,2243.8,3965,5962,0.0,Workout,2020-09-07T18:33:49Z,Espa√±a,0,2,0,1,0,0.566,1.4,62.7,True,117.0,169.0,85.7,85.1,0,0,16.0
16,4021761021,Descanso activo ,6007.6,2047,2047,0.0,Run,2020-09-06T17:59:15Z,Espa√±a,0,6,0,1,0,2.935,3.4,83.6,True,157.7,188.0,7.3,5.9,0,0,64.0
17,4013860348,Llegamos a los dos d√≠gitos despu√©s de mucho tiempo ü§òüèΩü§òüèΩüöÄ,10055.7,3245,3251,30.2,Run,2020-09-05T09:48:51Z,Espa√±a,0,8,0,2,0,3.099,4.2,82.5,True,150.2,175.0,16.2,5.9,0,1,67.0
18,4013859788,Actividad de noche,0.0,3119,3119,0.0,WeightTraining,2020-09-04T19:38:47Z,Espa√±a,0,2,0,1,0,0.0,0.0,,True,114.2,152.0,78.0,78.0,0,0,10.0
19,3996864684,Carrera de noche,8032.5,2544,2572,0.0,Run,2020-09-01T18:34:26Z,Espa√±a,0,5,0,1,0,3.157,4.0,82.2,True,154.9,172.0,7.6,5.8,0,0,64.0
20,3982332799,Excursi√≥n de ma√±ana,9061.3,4203,7614,370.0,Hike,2020-08-29T08:37:35Z,Espa√±a,0,3,0,2,0,2.156,2.3,,False,,,1315.0,1181.6,0,2,
21,3974338718,Carrera de noche,8010.8,2601,2691,53.5,Run,2020-08-27T19:34:35Z,Espa√±a,12,3,0,1,0,3.08,5.4,,False,,,441.5,396.1,4,0,
22,3969685838,Carrera de noche,6987.0,2247,2349,58.3,Run,2020-08-26T19:44:20Z,Espa√±a,11,1,0,1,0,3.109,6.0,,False,,,440.7,396.1,7,0,
23,3959750944,Carrera de noche,5757.2,1877,1929,39.4,Run,2020-08-24T18:24:38Z,Espa√±a,5,0,0,1,0,3.067,6.4,,False,,,426.4,394.4,1,0,
24,3918725497,Actividad de noche,0.0,105357,105357,0.0,WeightTraining,2020-08-14T19:31:58Z,Espa√±a,0,3,0,1,0,0.0,0.0,,True,90.7,149.0,,,0,0,221.0
25,3905485979,Actividad de tarde,0.0,50674,50674,0.0,WeightTraining,2020-08-12T17:41:31Z,Espa√±a,0,2,0,1,0,0.0,0.0,,True,99.8,143.0,,,0,0,128.0
26,3868883433,Actividad de tarde,0.0,2532,2532,0.0,WeightTraining,2020-08-05T17:54:40Z,Espa√±a,0,1,0,1,0,0.0,0.0,,True,90.3,124.0,,,0,0,5.0
27,3861289429,Excursi√≥n de noche,3004.4,2708,2823,11.2,Hike,2020-08-03T19:39:40Z,Espa√±a,0,0,0,1,0,1.109,1.5,55.1,True,106.6,121.0,8.7,-0.1,0,0,7.0
28,3859007234,Carrera de noche,8001.1,2739,2739,0.0,Run,2020-08-03T18:18:55Z,Espa√±a,0,7,0,1,0,2.921,3.8,82.2,True,146.1,173.0,7.6,5.8,0,0,43.0
29,3856603637,Excursi√≥n de ma√±ana,2707.5,1802,1802,2.2,Hike,2020-08-03T07:12:11Z,Espa√±a,0,0,0,1,0,1.502,1.7,61.9,True,86.6,100.0,2.2,-0.1,0,0,3.0
30,3855522545,Carrera de noche,6003.8,1930,1930,0.0,Run,2020-08-02T20:47:59Z,Espa√±a,0,4,0,1,0,3.111,3.8,83.6,True,154.5,180.0,7.3,5.8,0,0,50.0
31,3855522157,Excursi√≥n de noche,6002.9,3662,3662,19.6,Hike,2020-07-30T18:01:01Z,Espa√±a,0,3,0,1,0,1.639,3.3,64.5,True,133.3,178.0,5.6,-0.2,0,0,28.0
32,3837345366,Actividad de noche,0.0,3651,3651,0.0,WeightTraining,2020-07-29T18:59:00Z,Espa√±a,0,3,0,1,0,0.0,0.0,,True,119.8,169.0,,,0,0,20.0
33,3837344344,Actividad a la hora del almuerzo,0.0,3509,3509,0.0,WeightTraining,2020-07-26T11:59:06Z,Espa√±a,0,3,0,1,0,0.0,0.0,,True,103.8,145.0,,,0,0,9.0
34,3837343857,Actividad de noche,0.0,2654,2654,0.0,WeightTraining,2020-07-25T19:01:55Z,Espa√±a,0,0,0,1,0,0.0,0.0,,True,103.7,129.0,,,0,0,7.0
35,3837343301,Actividad de ma√±ana,0.0,3036,3036,0.0,WeightTraining,2020-07-25T09:34:06Z,Espa√±a,0,4,0,1,0,0.0,0.0,,True,103.9,149.0,,,0,0,8.0
36,3837342487,Nataci√≥n de noche,1826.2,3095,3095,2.2,Swim,2020-07-24T19:23:27Z,Espa√±a,0,4,0,1,0,0.59,1.4,27.4,False,,,10.2,0.0,0,0,
37,3796429702,Carrera de noche,7451.2,3377,3377,0.0,Run,2020-07-21T18:09:13Z,Espa√±a,0,2,0,1,0,2.206,3.1,80.6,True,157.0,191.0,16.0,16.0,0,0,114.0
38,3791521071,Actividad de noche,0.0,4862,4862,0.0,WeightTraining,2020-07-20T18:34:56Z,Espa√±a,0,2,0,1,0,0.0,0.0,,True,121.7,162.0,,,0,0,36.0
39,3777344700,Actividad de noche,0.0,3437,3437,0.0,WeightTraining,2020-07-17T18:50:25Z,Espa√±a,0,2,0,1,0,0.0,0.0,,True,97.4,151.0,,,0,0,9.0
40,3766672607,Carrera de tarde,4996.9,1971,1971,0.0,Run,2020-07-15T17:46:08Z,Espa√±a,0,5,0,1,0,2.535,3.0,80.9,True,161.8,182.0,,,0,0,70.0
41,3763104132,Actividad de tarde,0.0,4854,4854,0.0,WeightTraining,2020-06-09T16:11:32Z,Espa√±a,0,0,0,1,0,0.0,0.0,,True,124.7,173.0,,,0,0,37.0
42,3763103217,Actividad de tarde,0.0,1694,1694,0.0,WeightTraining,2020-06-08T17:37:14Z,Espa√±a,0,0,0,1,0,0.0,0.0,,True,113.6,168.0,,,0,0,7.0
43,3543673096,Ciclismo al anochecer,7705.7,2379,3952,123.2,Ride,2020-05-31T19:24:17Z,Espa√±a,2,0,0,1,0,3.239,10.4,,True,133.3,173.0,512.1,403.2,0,0,21.0
44,3531622002,Ciclismo por la tarde,19718.4,4736,5900,470.5,Ride,2020-05-29T17:44:47Z,Espa√±a,0,7,0,1,0,4.164,12.8,,True,144.6,184.0,827.8,432.7,0,0,87.0
45,3527549814,Ciclismo al anochecer,12053.9,3033,4237,245.0,Ride,2020-05-28T20:19:27Z,Espa√±a,1,5,0,1,0,3.974,12.6,,True,152.2,182.0,653.1,454.2,0,0,76.0
46,3525219877,Carrera de tarde,6680.0,2300,2647,154.5,Run,2020-05-27T17:42:27Z,Espa√±a,0,4,0,1,0,2.904,5.5,83.3,True,161.8,190.0,576.7,441.1,0,0,83.0
47,3516321376,Ciclismo al anochecer,12743.8,3694,5059,266.5,Ride,2020-05-26T19:45:53Z,Espa√±a,0,8,0,1,0,3.45,11.4,,True,134.6,157.0,586.3,431.4,0,0,35.0
48,3505874725,Ciclismo al anochecer,19559.9,4882,6269,467.3,Ride,2020-05-24T19:04:09Z,Espa√±a,6,9,0,1,0,4.007,12.2,,True,154.7,186.0,731.2,431.9,3,0,135.0
49,3479117101,Ciclismo al anochecer,18812.3,5018,6162,461.3,Ride,2020-05-19T19:05:52Z,Espa√±a,3,8,0,1,0,3.749,12.1,,True,141.7,166.0,821.9,431.8,0,0,74.0
50,3473114654,Carrera de noche,4504.5,1439,1439,82.6,Run,2020-05-18T20:07:15Z,Espa√±a,0,6,0,1,0,3.13,4.4,84.4,True,132.2,146.0,511.9,431.9,0,0,6.0
51,3456270252,Actividad de noche,0.0,1530,1530,0.0,WeightTraining,2020-05-15T20:10:46Z,Espa√±a,0,5,0,1,0,0.0,0.0,,True,115.1,153.0,,,0,0,5.0
52,3446393069,Estic molt fotut ü•µ,7544.5,2699,2704,177.9,Run,2020-05-13T20:21:32Z,Espa√±a,0,12,0,2,0,2.795,4.3,82.4,True,161.4,176.0,576.7,432.7,0,0,92.0
53,3436001147,Carrera de noche,7200.9,2504,2523,155.2,Run,2020-05-11T19:57:31Z,Espa√±a,1,8,0,2,0,2.876,3.9,82.5,True,185.7,206.0,576.7,432.7,0,0,169.0
54,3436010137,Excursi√≥n de ma√±ana,10221.3,6471,6758,229.1,Hike,2020-05-09T08:16:37Z,Espa√±a,0,11,0,1,0,1.58,3.7,63.6,True,121.6,177.0,632.9,432.7,0,0,35.0
55,3436009889,Carrera de noche,5505.1,1909,2034,113.5,Run,2020-05-08T20:00:36Z,Espa√±a,0,0,0,1,0,2.884,4.1,82.3,True,168.4,188.0,512.2,430.5,0,0,88.0
56,3412191656,Carrera de noche,4505.3,1590,1641,85.6,Run,2020-05-06T20:11:49Z,Espa√±a,0,0,0,1,0,2.834,7.6,81.2,True,174.2,188.0,512.3,432.7,0,0,88.0
57,3091175691,Carrera de noche,7907.1,2388,2452,31.6,Run,2020-02-11T18:11:24Z,Espa√±a,6,6,0,2,0,3.311,6.0,83.7,True,166.1,191.0,25.6,6.5,0,0,99.0
58,3077552560,Carrera de noche,9218.6,2745,2788,41.7,Run,2020-02-06T19:26:28Z,Espa√±a,5,7,0,2,0,3.358,7.0,84.2,True,161.4,177.0,25.5,6.6,2,0,94.0
59,3071462138,Carrera de noche,6525.0,1997,2527,34.3,Run,2020-02-04T18:11:50Z,Espa√±a,7,4,0,2,0,3.267,4.4,83.9,True,160.0,178.0,25.5,6.6,4,0,67.0
60,3071324511,Carrera de noche,9659.1,3033,3050,45.2,Run,2020-02-03T19:40:17Z,Espa√±a,8,2,0,3,0,3.185,12.7,82.4,True,130.7,150.0,24.5,6.5,3,0,19.0
61,3014227812,Carrera de noche,4992.9,1743,1940,32.8,Run,2020-01-15T19:30:55Z,Espa√±a,2,5,0,1,0,2.865,5.0,82.2,True,156.7,178.0,18.1,4.0,0,0,48.0
62,3008176705,Carrera de tarde,10512.6,2963,3038,57.2,Run,2020-01-13T17:52:32Z,Espa√±a,29,8,0,1,0,3.548,6.8,84.5,True,171.5,188.0,18.0,3.7,22,0,153.0
63,3008175987,Carrera de noche,4642.0,1552,1552,0.0,Run,2020-01-08T18:40:54Z,Espa√±a,0,3,0,1,0,2.991,3.4,85.7,True,147.3,167.0,,,0,0,32.0
64,3008175752,Actividad de ma√±ana,0.0,80800,80800,0.0,WeightTraining,2020-01-07T10:55:32Z,Espa√±a,0,3,0,1,0,0.0,0.0,,True,88.0,118.0,,,0,0,159.0
65,2986484430,Actividad de ma√±ana,0.0,2259,2259,0.0,WeightTraining,2020-01-06T09:02:18Z,Espa√±a,0,4,0,1,0,0.0,0.0,,True,92.1,136.0,,,0,0,4.0
66,2949606743,Ciclismo por la ma√±ana,36364.3,7627,8210,673.1,Ride,2019-12-22T10:09:40Z,Espa√±a,0,8,0,50,0,4.768,12.5,,True,147.6,192.0,476.6,99.4,0,0,159.0
67,2938865002,Entrenamiento a la hora del almuerzo,24347.9,6421,8291,592.9,Ride,2019-12-17T11:56:31Z,Espa√±a,0,6,0,1,0,3.792,12.9,,True,151.5,185.0,470.9,185.6,0,0,163.0
68,2932617420,Ciclismo por la tarde,30321.6,7888,8924,752.8,Ride,2019-12-14T15:31:08Z,Espa√±a,6,6,0,2,0,3.844,10.7,,True,147.9,179.0,912.2,430.0,3,0,168.0
69,2930436864,Ciclismo por la tarde,26391.7,5952,6457,609.5,Ride,2019-12-13T16:10:04Z,Espa√±a,7,5,0,1,0,4.434,13.2,,True,137.2,169.0,867.1,429.7,6,0,68.0
70,2924175744,Actividad de ma√±ana,0.0,5573,5573,0.0,WeightTraining,2019-12-10T10:20:07Z,Espa√±a,0,3,0,1,0,0.0,0.0,,True,115.1,163.0,,,0,0,22.0
71,2922174238,Ciclismo por la tarde,28789.5,7031,8666,692.5,Ride,2019-12-09T16:11:58Z,Espa√±a,5,6,0,3,0,4.095,12.3,,True,146.2,182.0,866.5,448.5,1,0,138.0
72,2920384662,Ciclismo por la ma√±ana,28463.4,6563,7268,663.5,Ride,2019-12-08T10:39:25Z,Espa√±a,4,6,0,1,0,4.337,13.0,,True,143.6,180.0,856.1,429.7,3,0,106.0
73,2914602830,Ciclismo por la ma√±ana,20076.7,4575,4755,509.7,Ride,2019-12-06T07:45:57Z,Espa√±a,4,3,0,1,0,4.388,12.8,,True,136.9,166.0,736.7,429.5,2,0,48.0
74,2914602664,Carrera de ma√±ana,7177.8,2401,2543,179.6,Run,2019-12-05T10:37:56Z,Espa√±a,0,2,0,1,0,2.99,4.2,83.3,True,146.5,178.0,581.0,430.9,0,0,38.0
75,2914602424,Carrera de noche,7889.5,2712,2715,290.2,Run,2019-12-04T19:10:05Z,Espa√±a,0,2,0,1,0,2.909,4.9,82.8,True,143.4,166.0,470.3,382.6,0,0,41.0
76,2905787906,Ciclismo por la ma√±ana,31903.8,8164,8705,855.2,Ride,2019-12-02T08:21:21Z,Espa√±a,2,6,0,1,0,3.908,12.5,,True,141.8,164.0,744.7,382.6,0,0,126.0
77,2903942200,Ciclismo por la ma√±ana,43006.6,10391,11857,1228.9,Ride,2019-12-01T10:16:19Z,Espa√±a,9,5,0,1,0,4.139,14.0,,True,153.0,184.0,941.0,430.8,5,0,270.0
78,2901116642,Carrera de ma√±ana,12754.5,4096,4096,290.1,Run,2019-11-30T10:47:24Z,Espa√±a,0,3,0,1,0,3.114,8.4,82.8,True,185.3,205.0,477.1,394.6,0,0,283.0
79,2899274404,Carrera a la hora del almuerzo,10006.8,3091,3137,208.7,Run,2019-11-29T11:38:55Z,Espa√±a,0,5,0,1,0,3.237,5.1,82.5,True,153.7,173.0,470.5,380.4,0,0,79.0
80,2899274135,Actividad de noche,0.0,1198,1198,0.0,WeightTraining,2019-11-28T19:44:13Z,Espa√±a,0,1,0,1,0,0.0,0.0,,True,88.1,109.0,,,0,0,2.0
81,2896918358,Entrenamiento a la hora del almuerzo,23847.7,5318,5688,571.7,Ride,2019-11-28T11:00:05Z,Espa√±a,3,4,0,1,0,4.484,15.7,,True,144.5,194.0,826.6,397.9,3,0,112.0
82,2896917906,Actividad a la hora del almuerzo,0.0,787,787,0.0,WeightTraining,2019-11-27T11:43:52Z,Espa√±a,0,2,0,1,0,0.0,0.0,,True,83.9,101.0,,,0,0,1.0
83,2896917820,Actividad de noche,0.0,941,941,0.0,WeightTraining,2019-11-26T20:37:35Z,Espa√±a,0,1,0,1,0,0.0,0.0,,True,85.0,106.0,,,0,0,1.0
84,2890991221,Actividad de noche,0.0,7712,7712,0.0,WeightTraining,2019-11-25T18:04:39Z,Espa√±a,0,2,0,1,0,0.0,0.0,,True,83.2,131.0,,,0,0,13.0
85,2890091558,Ciclismo por la ma√±ana,46093.2,11743,14389,1238.4,Ride,2019-11-25T08:18:17Z,Espa√±a,1,6,0,1,0,3.925,13.8,,True,140.9,179.0,968.6,320.1,0,0,175.0
86,2878296145,Ciclismo por la ma√±ana,13435.9,4659,6188,524.5,Ride,2019-11-20T09:54:13Z,Espa√±a,0,6,0,1,0,2.884,10.1,,True,136.0,161.0,776.5,464.1,0,2,54.0
87,2873627647,Entrenamiento a la hora del almuerzo,13208.1,3338,3637,341.6,Ride,2019-11-18T11:47:45Z,Espa√±a,2,6,0,1,0,3.957,11.0,,True,134.7,172.0,675.6,397.9,0,0,39.0
88,2868510357,Ciclismo por la ma√±ana,31317.6,9383,11120,858.1,Ride,2019-11-16T10:10:22Z,Espa√±a,0,4,0,1,0,3.338,11.7,,True,128.0,152.0,884.1,398.0,0,2,56.0
89,2864874178,Series day fun day ,9936.3,3167,3182,310.9,Run,2019-11-14T18:16:24Z,Espa√±a,0,7,0,1,0,3.137,10.4,83.3,True,164.0,189.0,470.1,382.6,0,0,128.0
90,2864873541,Actividad de noche,0.0,1086,1086,0.0,WeightTraining,2019-11-13T18:02:53Z,Espa√±a,0,2,0,1,0,0.0,0.0,,True,86.9,116.0,,,0,0,2.0
91,2861727816,Entrenamiento a la hora del almuerzo,15667.8,3623,3790,406.6,Ride,2019-11-13T11:03:05Z,Espa√±a,0,6,0,1,0,4.325,12.1,,True,125.3,140.0,467.6,271.4,0,0,16.0
92,2860183211,Actividad de noche,0.0,611,611,0.0,WeightTraining,2019-11-12T18:50:31Z,Espa√±a,0,0,0,1,0,0.0,0.0,,True,95.5,111.0,,,0,0,1.0
93,2860137069,Soltando patas ,9229.9,3113,3140,209.2,Run,2019-11-12T17:19:31Z,Espa√±a,0,5,0,1,0,2.965,6.9,82.0,True,154.5,177.0,470.5,382.7,0,0,81.0
94,2854379799,7a subida Penya Migjorn ,21394.5,9114,10347,1092.1,Run,2019-11-10T09:01:00Z,Espa√±a,7,11,0,5,0,2.347,5.6,79.5,True,170.4,201.0,1179.1,433.8,3,0,433.0
95,2853875905,Carrera de tarde,5016.4,1553,1598,106.3,Run,2019-11-07T17:43:18Z,Espa√±a,0,2,0,1,0,3.23,5.4,84.1,True,150.6,170.0,470.5,402.5,0,0,35.0
96,2853875837,Carrera de tarde,6026.1,1850,1904,127.3,Run,2019-11-06T13:36:25Z,Espa√±a,0,4,0,1,0,3.257,5.0,84.3,True,145.6,175.0,470.9,394.6,0,0,33.0
97,2853875734,Carrera de tarde,6777.7,2117,2150,208.9,Run,2019-11-05T17:13:18Z,Espa√±a,0,3,0,1,0,3.202,4.5,84.3,True,150.9,164.0,470.4,387.8,0,0,51.0
98,2853875585,Carrera de tarde,7017.6,2068,2078,140.6,Run,2019-11-04T17:27:30Z,Espa√±a,1,0,0,1,0,3.393,5.9,83.3,True,137.2,152.0,470.3,384.8,0,0,15.0
99,2853875496,Carrera de tarde,8267.5,2888,3205,324.1,Run,2019-10-30T17:25:22Z,Espa√±a,2,2,0,1,0,2.863,6.1,82.6,True,157.4,182.0,718.3,449.5,2,0,90.0
100,2827045058,Carrera de noche,8748.3,2945,2977,296.1,Run,2019-10-29T19:16:09Z,Espa√±a,1,9,0,1,0,2.971,7.9,81.6,True,150.0,173.0,467.2,382.6,0,0,60.0
101,2827044560,Actividad de tarde,0.0,603,603,0.0,WeightTraining,2019-10-28T17:20:08Z,Espa√±a,0,3,0,1,0,0.0,0.0,,True,94.6,123.0,,,0,0,1.0
102,2822095731,Actividad de noche,0.0,623,623,0.0,WeightTraining,2019-10-27T19:33:37Z,Espa√±a,0,4,0,1,0,0.0,0.0,,True,95.1,142.0,,,0,0,1.0
103,2820785600,Carrera a la hora del almuerzo,10271.5,3121,3135,218.6,Run,2019-10-27T12:06:19Z,Espa√±a,0,7,0,1,0,3.291,4.5,83.2,True,158.5,171.0,467.1,382.6,0,0,95.0
104,2817566871,Carrera de ma√±ana,17427.5,7123,8654,788.6,Run,2019-10-26T09:14:05Z,Espa√±a,2,8,0,2,0,2.447,4.9,81.8,True,156.5,184.0,1078.1,438.7,1,1,207.0
105,2816042809,Actividad de tarde,0.0,620,620,0.0,WeightTraining,2019-10-25T17:52:21Z,Espa√±a,0,0,0,1,0,0.0,0.0,,True,100.8,118.0,391.4,391.4,0,0,1.0
106,2815166170,Carrera de noche,12606.3,4255,4337,304.6,Run,2019-10-24T18:24:25Z,Espa√±a,1,6,0,1,0,2.963,4.7,81.2,True,150.5,171.0,580.9,394.6,0,0,98.0
107,2815165846,Carrera de ma√±ana,11850.1,3635,3635,246.6,Run,2019-10-22T08:43:35Z,Espa√±a,0,7,0,1,0,3.26,4.9,85.1,True,158.7,188.0,467.9,411.9,0,0,115.0
108,2805621360,Carrera a la hora del almuerzo,12761.0,3714,3748,91.2,Run,2019-10-21T12:37:17Z,Espa√±a,4,8,0,1,0,3.436,7.3,84.9,True,160.9,183.0,460.5,447.1,2,0,132.0
109,2804632497,Carrera de noche,10812.8,3288,3288,265.3,Run,2019-10-17T18:06:10Z,Espa√±a,1,6,0,1,0,3.289,4.5,83.9,True,150.2,166.0,581.1,429.5,0,0,76.0
110,2793766981,"Series Day, Fun Day üòú",8774.1,2752,3736,234.2,Run,2019-10-16T17:50:51Z,Dinamarca,1,6,0,1,0,3.188,5.8,83.4,True,155.5,179.0,525.9,402.6,0,0,77.0
111,2789301715,Excursi√≥n de noche,5308.7,3928,3964,127.7,Hike,2019-10-14T18:42:46Z,Dinamarca,0,0,0,1,0,1.352,2.9,56.4,True,116.0,164.0,510.7,430.8,0,0,15.0
112,2786710185,Carrera de noche,8062.1,2474,2535,231.7,Run,2019-10-13T20:10:20Z,Dinamarca,1,7,0,1,0,3.259,5.4,84.8,True,153.6,174.0,470.9,402.7,0,0,60.0
113,2781912594,Con el Trailieti de Migjorn,20694.4,9080,11018,1063.6,Run,2019-10-12T08:31:47Z,Dinamarca,3,12,0,4,0,2.279,4.1,79.5,True,158.1,188.0,1175.7,435.1,1,1,283.0
114,2778410821,Carrera de tarde,15007.2,5152,5453,559.0,Run,2019-10-10T17:56:24Z,Dinamarca,2,11,0,1,0,2.913,6.0,82.1,True,162.6,187.0,842.7,430.9,2,0,196.0
115,2776349704,Carrera de noche,7001.9,2363,2779,187.4,Run,2019-10-09T18:50:12Z,Dinamarca,0,5,0,1,0,2.963,5.2,82.2,True,164.8,181.0,470.1,391.4,0,0,96.0
116,2773106583,Carrera de noche,12006.4,3633,3637,319.9,Run,2019-10-08T18:05:43Z,Dinamarca,0,2,0,1,0,3.305,5.9,83.8,True,190.7,218.0,581.0,429.6,0,0,272.0
117,2768450698,Sudando Marmarela üèÉüèΩ‚Äç‚ôÇÔ∏èüèÉüèΩ‚Äç‚ôÇÔ∏èüòÇ,15296.3,5679,6319,528.7,Run,2019-10-06T18:02:57Z,Dinamarca,2,9,0,1,0,2.693,6.2,82.1,True,158.6,183.0,719.4,430.8,1,2,180.0
118,2762699328,Carrera de noche,13010.0,3837,3877,78.9,Run,2019-10-04T19:26:44Z,Dinamarca,8,5,0,1,0,3.391,4.2,84.2,True,156.1,176.0,19.3,2.6,1,0,109.0
119,2762566892,Actividad de tarde,0.0,1175,1175,0.0,WeightTraining,2019-10-04T13:37:19Z,Dinamarca,0,2,0,1,0,0.0,0.0,,True,85.1,109.0,,,0,0,2.0
120,2761794225,Carrera de noche,8836.6,2735,2735,185.3,Run,2019-10-03T18:41:04Z,Dinamarca,2,4,0,1,0,3.231,6.8,83.5,True,171.9,212.0,470.1,382.6,0,0,131.0
121,2754984662,Carrera de tarde,14011.9,4593,4593,176.6,Run,2019-10-01T17:38:09Z,Dinamarca,0,6,0,1,0,3.051,4.2,83.2,True,126.7,167.0,27.3,2.9,0,0,24.0
122,2754983116,Actividad de tarde,0.0,688,688,0.0,WeightTraining,2019-10-01T13:07:51Z,Dinamarca,0,0,0,1,0,0.0,0.0,,True,79.4,95.0,,,0,0,1.0
123,2752600699,Carrera de noche,10003.5,2938,2989,247.5,Run,2019-09-30T19:39:39Z,Dinamarca,1,5,0,1,0,3.405,6.7,82.9,True,153.1,191.0,477.0,384.8,1,0,70.0
124,2748886732,Carrera de noche,12306.3,3553,3559,92.3,Run,2019-09-28T20:41:55Z,Dinamarca,2,5,0,1,0,3.464,9.5,83.6,True,141.3,177.0,460.5,446.7,0,0,44.0
125,2743438227,Carrera a la hora del almuerzo,11091.9,3232,3267,81.8,Run,2019-09-27T11:33:55Z,Dinamarca,2,7,0,1,0,3.432,6.9,84.7,True,148.5,161.0,462.3,447.2,0,0,67.0
126,2740997559,Carrera a la hora del almuerzo,7063.9,2189,2896,83.1,Run,2019-09-26T12:21:19Z,Dinamarca,6,6,0,1,0,3.227,6.4,83.8,True,152.4,175.0,452.5,411.9,2,0,53.0
127,2735625929,Carrera a la hora del almuerzo,9515.0,2725,2790,64.7,Run,2019-09-24T12:19:00Z,Dinamarca,4,5,1,1,0,3.492,8.7,84.9,True,140.5,160.0,460.5,447.0,2,0,35.0
128,2733064555,Carrera a la hora del almuerzo,9015.1,2673,2673,65.8,Run,2019-09-23T11:57:43Z,Dinamarca,5,5,0,1,0,3.373,6.2,84.0,True,149.0,175.0,461.4,447.3,2,0,54.0
129,2723078386,Carrera de noche,8351.5,2505,2508,46.6,Run,2019-09-19T19:44:24Z,Dinamarca,2,6,0,1,0,3.334,4.8,84.1,True,143.0,160.0,18.9,2.2,2,0,36.0
130,2720410488,Carrera de noche,7995.5,2593,2593,40.2,Run,2019-09-18T20:22:30Z,Dinamarca,1,4,0,1,0,3.083,3.6,82.3,True,136.5,163.0,13.3,2.2,0,0,27.0
131,2717522287,Carrera de noche,10005.0,3089,3089,65.1,Run,2019-09-17T20:22:11Z,Dinamarca,1,6,0,1,0,3.239,3.7,83.0,True,143.4,164.0,20.3,2.2,0,0,45.0
132,2714472328,Ciclismo al anochecer,17928.9,3633,7453,89.5,Ride,2019-09-16T18:32:12Z,Dinamarca,2,5,0,1,0,4.935,10.0,,True,124.0,152.0,80.6,3.3,2,0,22.0
133,2711898491,Carrera de ma√±ana,7181.7,2620,3154,291.2,Run,2019-09-15T09:59:02Z,Dinamarca,1,0,0,1,0,2.741,4.3,79.9,True,158.9,187.0,717.5,449.5,0,0,81.0
134,2711907717,Carrera a la hora del almuerzo,9028.7,2667,2667,54.8,Run,2019-09-13T11:42:52Z,Dinamarca,5,4,0,1,0,3.385,3.9,83.0,True,162.1,186.0,19.4,2.2,0,0,101.0
135,2700361589,Carrera nocturna,11326.6,3342,4101,73.6,Run,2019-09-11T21:51:50Z,Dinamarca,7,4,0,1,0,3.389,4.6,85.2,True,151.9,183.0,20.4,2.2,4,0,80.0
136,2699315760,Carrera nocturna,12005.2,3404,3405,89.5,Run,2019-09-10T21:23:46Z,Dinamarca,20,3,0,1,0,3.527,5.4,85.2,True,153.6,173.0,20.4,2.2,9,0,87.0
137,2689801685,Carrera de ma√±ana,20373.4,7901,8442,750.8,Run,2019-09-08T09:06:46Z,Dinamarca,0,7,3,2,0,2.579,4.2,78.9,True,163.9,194.0,770.5,417.0,0,0,302.0
138,2684408445,Carrera a la hora del almuerzo,8007.0,2458,2458,41.4,Run,2019-09-06T12:25:15Z,Dinamarca,0,4,0,1,0,3.258,3.8,83.6,True,149.4,182.0,14.7,2.2,0,0,47.0
139,2684148001,Carrera de noche,11019.4,3292,3292,75.1,Run,2019-09-05T19:19:41Z,Dinamarca,7,4,4,1,0,3.347,4.4,83.4,True,155.3,187.0,20.4,2.2,2,0,92.0
140,2681524595,Actividad de noche,0.0,5958,5958,0.0,WeightTraining,2019-09-04T18:35:36Z,Dinamarca,0,0,0,1,0,0.0,0.0,,True,123.4,158.0,,,0,0,32.0
141,2677030317,Carrera de noche,10022.2,2960,2960,64.5,Run,2019-09-03T18:59:10Z,Dinamarca,7,3,0,1,0,3.386,5.0,82.7,True,134.6,164.0,20.3,2.2,0,0,24.0
142,2643674139,Carrera a la hora del almuerzo,8000.8,2464,2464,39.3,Run,2019-08-23T11:19:27Z,Dinamarca,0,2,0,1,0,3.247,3.7,82.6,True,142.7,166.0,12.7,2.2,0,0,34.0
143,2642042035,Carrera de noche,8316.9,3271,3533,327.7,Run,2019-08-22T19:10:21Z,Dinamarca,1,3,0,2,0,2.543,3.9,80.2,True,162.8,177.0,717.0,449.4,0,0,118.0
144,2640934237,Carrera de noche,5172.5,1814,1973,51.0,Run,2019-08-20T19:31:11Z,Dinamarca,2,2,0,1,0,2.851,5.2,82.0,False,,,21.0,2.2,1,0,
145,2633241680,Carrera de noche,10001.8,2911,2911,57.8,Run,2019-08-19T19:28:23Z,Dinamarca,9,1,0,1,0,3.436,4.5,82.0,True,163.1,168.0,20.3,2.2,3,0,102.0
146,2607493355,Carrera de noche,8000.4,2590,2590,41.1,Run,2019-08-10T18:07:20Z,Dinamarca,0,3,0,1,0,3.089,3.7,81.5,True,172.1,190.0,13.6,2.2,0,0,133.0
147,2605145234,Carrera de noche,10506.3,3218,3218,68.4,Run,2019-08-09T18:52:14Z,Dinamarca,5,3,0,1,0,3.265,4.1,81.8,True,166.5,186.0,20.4,2.2,3,0,140.0
148,2601235070,Senderismo a la hora del almuerzo,4500.6,3023,3196,5.0,Hike,2019-08-08T12:47:53Z,Dinamarca,0,1,0,1,0,1.489,1.8,60.6,True,106.3,124.0,3.3,-0.1,0,0,8.0
149,2600757770,Carrera de noche,8034.5,2531,2531,40.0,Run,2019-08-07T19:56:27Z,Dinamarca,1,2,0,1,0,3.174,3.7,82.5,True,161.4,178.0,13.1,2.2,0,0,89.0
150,2596669637,Carrera de noche,7552.5,2197,2577,39.8,Run,2019-08-06T19:09:09Z,Dinamarca,3,4,0,1,0,3.438,5.0,84.1,True,160.1,182.0,13.4,2.2,1,0,73.0
151,2594684017,Carrera de noche,8001.9,2595,2595,39.9,Run,2019-08-05T18:56:00Z,Dinamarca,0,4,0,1,0,3.084,3.6,82.4,True,162.8,182.0,13.4,2.2,0,0,93.0
152,2586087382,Series con Mr. Breaking Gas ,5011.4,1168,1908,25.3,Run,2019-08-03T09:43:44Z,Dinamarca,2,3,0,1,0,4.291,5.1,88.8,True,151.4,172.0,12.0,2.6,0,2,29.0
153,2582055651,I‚Äôm coming back ü§üüèΩ,9007.5,2455,2924,53.9,Run,2019-08-01T18:52:32Z,Dinamarca,6,4,0,1,0,3.669,4.3,84.2,True,145.1,164.0,19.4,2.2,3,0,40.0
154,2580654003,Ciclismo al anochecer,20926.2,4256,4329,166.2,Ride,2019-07-31T19:16:09Z,Dinamarca,2,2,0,1,0,4.917,9.6,,True,140.7,163.0,93.3,2.3,2,0,62.0
155,2576431134,Carrera de noche,8073.4,2488,2488,172.1,Run,2019-07-30T19:48:23Z,Dinamarca,4,2,0,1,0,3.245,5.4,80.7,True,140.3,162.0,581.1,430.8,1,0,26.0
156,2564932476,Excursi√≥n de tarde,4046.4,2866,2866,4.4,Hike,2019-07-26T17:24:20Z,Dinamarca,0,0,0,1,0,1.412,1.7,58.9,True,103.1,119.0,2.3,-0.1,0,0,7.0
157,2564706963,Nataci√≥n a la hora del almuerzo,400.0,533,624,0.0,Swim,2019-07-26T11:43:51Z,Dinamarca,0,0,0,1,0,0.75,1.5,27.3,False,,,,,0,0,
158,2564706880,Carrera de noche,9013.2,2820,2830,53.0,Run,2019-07-25T20:07:59Z,Dinamarca,5,3,0,1,0,3.196,3.8,81.6,True,144.5,168.0,19.4,2.2,0,0,43.0
159,2559421026,Actividad a la hora del almuerzo,0.0,1574,1574,0.0,WeightTraining,2019-07-19T12:57:59Z,Dinamarca,0,3,0,1,0,0.0,0.0,,True,106.0,155.0,,,0,0,5.0
160,2503314407,Actividad de tarde,0.0,794,794,0.0,WeightTraining,2019-07-04T14:25:41Z,Dinamarca,0,3,0,1,0,0.0,0.0,,True,108.7,146.0,,,0,0,2.0
161,2501308152,Soltando patas ,6504.6,2102,2102,54.8,Run,2019-07-03T19:01:25Z,Dinamarca,0,3,0,1,0,3.094,4.4,82.0,True,147.4,187.0,41.7,15.1,0,0,39.0
162,2498889182,Carrera de noche,8007.6,2236,2236,81.8,Run,2019-07-02T20:59:36Z,Dinamarca,6,6,0,1,0,3.581,4.8,85.5,True,149.5,169.0,41.7,16.7,2,0,50.0
163,2497346907,Actividad a la hora del almuerzo,0.0,1957,1957,0.0,WeightTraining,2019-07-02T11:39:16Z,Dinamarca,0,2,0,1,0,0.0,0.0,,True,95.7,109.0,15.0,15.0,0,0,4.0
164,2497000968,Carrera a la hora del almuerzo,10508.7,3401,3426,73.7,Run,2019-07-01T11:30:58Z,Dinamarca,0,7,0,2,0,3.09,4.4,81.8,True,174.7,190.0,41.7,16.5,0,0,190.0
165,2497000473,Actividad de noche,0.0,1206,1206,0.0,WeightTraining,2019-06-30T20:51:59Z,Dinamarca,0,1,0,1,0,0.0,0.0,,True,126.8,155.0,,,0,0,5.0
166,2497000169,Ciclismo por la tarde,7950.4,1420,36556,44.0,Ride,2019-06-29T14:57:35Z,Dinamarca,0,0,0,1,0,5.599,8.7,,True,129.1,139.0,41.7,7.3,0,0,7.0
167,2489460784,Carrera a la hora del almuerzo,12011.6,3762,3762,110.2,Run,2019-06-29T11:51:07Z,Dinamarca,0,6,0,1,0,3.193,4.6,81.3,True,162.7,177.0,41.7,7.9,0,0,137.0
168,2486462039,Carrera de tarde,11008.0,3275,3275,99.7,Run,2019-06-27T17:01:48Z,Dinamarca,5,5,5,1,0,3.361,4.5,82.2,True,163.4,176.0,41.7,6.9,1,0,121.0
169,2478744398,Fixie ride,22267.9,3424,4690,102.4,Ride,2019-06-25T09:48:45Z,Dinamarca,0,7,0,1,0,6.503,10.0,,True,135.9,156.0,94.3,2.4,0,1,36.0
170,2476102860,Carrera de ma√±ana,6006.2,1788,1792,25.2,Run,2019-06-24T10:18:54Z,Dinamarca,4,4,0,1,0,3.359,4.5,83.9,True,155.5,168.0,12.0,2.2,3,0,50.0
171,2468061545,Actividad de ma√±ana,0.0,532,532,0.0,WeightTraining,2019-06-16T08:38:39Z,Dinamarca,0,3,0,1,0,0.0,0.0,,True,102.4,121.0,,,0,0,1.0
172,2447950282,Actividad de noche,0.0,2382,2382,0.0,WeightTraining,2019-06-13T20:15:45Z,Dinamarca,0,2,0,1,0,0.0,0.0,,True,91.0,117.0,78.6,78.6,0,0,5.0
173,2446508170,Carrera de noche,6025.6,1875,1879,52.8,Run,2019-06-11T19:28:35Z,Dinamarca,2,3,0,1,0,3.214,5.8,81.7,True,174.3,196.0,41.7,16.4,0,0,101.0
174,2446507694,Actividad de noche,0.0,876,876,0.0,WeightTraining,2019-06-11T19:09:45Z,Dinamarca,0,3,0,1,0,0.0,0.0,,True,91.7,107.0,18.2,18.2,0,0,1.0
175,2446507832,Actividad de tarde,0.0,1064,1064,0.0,WeightTraining,2019-06-09T13:54:45Z,Dinamarca,0,4,0,1,0,0.0,0.0,,True,114.0,152.0,22.8,22.8,0,0,3.0
176,2426249967,Carrera de noche,6010.1,1664,1966,73.6,Run,2019-06-05T18:39:32Z,Dinamarca,2,3,0,1,0,3.612,5.3,84.0,True,178.1,194.0,40.1,6.5,1,0,103.0
177,2426249125,Carrera de tarde,7015.2,2164,2164,55.5,Run,2019-06-05T13:46:38Z,Dinamarca,1,3,0,1,0,3.242,4.1,81.5,True,129.8,146.0,41.7,7.6,1,0,10.0
178,2426266225,Actividad a la hora del almuerzo,0.0,1619,1619,0.0,WeightTraining,2019-06-03T11:30:28Z,Dinamarca,0,3,0,1,0,0.0,0.0,,True,95.3,129.0,19.6,19.6,0,0,3.0
179,2417409148,Back again ,16009.1,4884,4972,135.6,Run,2019-06-02T13:18:54Z,Dinamarca,6,7,0,1,0,3.278,4.9,82.5,True,164.6,189.0,45.1,6.2,6,2,191.0
180,2392768339,Carrera de ma√±ana,10424.5,3335,3431,113.7,Run,2019-05-24T07:18:13Z,Dinamarca,0,5,0,1,0,3.126,4.1,82.7,True,138.6,155.0,42.2,7.9,0,0,30.0
181,2392767970,Actividad de noche,0.0,1547,1547,0.0,WeightTraining,2019-05-23T19:12:07Z,Dinamarca,0,0,0,1,0,0.0,0.0,,True,88.2,106.0,,,0,0,3.0
182,2379932063,Copenaghuen Marathon ,42367.5,15741,15846,192.3,Run,2019-05-19T09:31:48Z,Dinamarca,28,16,9,241,0,2.674,6.5,76.3,True,153.4,178.0,21.8,-1.0,11,1,408.0
183,2376663718,Carrera a la hora del almuerzo,3424.1,1162,1162,18.7,Run,2019-05-18T11:56:20Z,Dinamarca,0,1,0,1,0,2.947,3.7,82.2,True,147.0,173.0,41.7,26.4,0,0,21.0
184,2371613069,When you go to uni running instead of biking ü§£,4301.8,1344,1363,37.7,Run,2019-05-16T07:46:38Z,Dinamarca,0,5,0,1,0,3.201,4.4,84.3,True,126.1,137.0,42.5,13.0,0,0,5.0
185,2369050340,Carrera de ma√±ana,9095.8,2770,2814,69.4,Run,2019-05-15T10:21:55Z,Dinamarca,2,3,0,1,0,3.284,4.5,83.9,True,147.4,163.0,43.9,7.9,0,0,54.0
186,2366189123,Carrera de ma√±ana,8024.9,2304,2925,27.5,Run,2019-05-14T09:47:28Z,Dinamarca,3,4,0,1,0,3.483,4.8,86.1,True,132.1,148.0,49.5,36.1,1,0,12.0
187,2363747145,Carrera de ma√±ana,9969.1,3027,3027,0.0,Run,2019-05-13T10:50:54Z,Dinamarca,0,3,0,1,0,3.293,3.5,86.1,True,147.4,172.0,,,0,0,59.0
188,2358756430,Last one! üöÄüöÄ,30034.0,9179,9275,237.3,Run,2019-05-11T12:45:11Z,Dinamarca,9,13,12,1,0,3.272,5.1,84.5,True,184.1,223.0,56.7,7.9,4,0,598.0
189,2358753053,Carrera de tarde,12061.2,3736,3736,109.9,Run,2019-05-10T17:41:08Z,Dinamarca,0,3,0,1,0,3.228,4.2,83.4,True,149.8,176.0,41.7,8.0,0,0,80.0
190,2352049290,Series en cinta ,7199.0,2092,3020,0.0,Run,2019-05-08T18:55:41Z,Dinamarca,0,4,0,1,0,3.441,4.4,82.0,True,120.4,156.0,,,0,0,12.0
191,2348301691,Carrera de ma√±ana,10683.8,3208,3208,0.0,Run,2019-05-07T10:00:37Z,Dinamarca,0,3,0,1,0,3.33,3.6,84.9,True,140.2,168.0,,,0,0,34.0
192,2346734996,Keep pushing ,15792.1,4548,4593,144.4,Run,2019-05-06T16:49:34Z,Dinamarca,2,9,2,1,0,3.472,4.9,84.5,True,171.8,196.0,41.7,8.0,1,0,230.0
193,2343841374,P√°jara a la hora del almuerzo,27996.0,8724,8974,215.5,Run,2019-05-05T12:31:00Z,Dinamarca,6,8,3,1,0,3.209,4.5,83.0,True,167.7,197.0,41.7,5.5,3,0,392.0
194,2339153491,Carrera de noche,17715.2,5259,6469,156.9,Run,2019-05-03T18:19:53Z,Dinamarca,3,6,0,1,0,3.369,4.7,84.1,True,160.2,177.0,41.7,7.9,1,0,172.0
195,2334503327,Carrera de tarde,10515.6,3326,3436,108.5,Run,2019-05-01T17:09:25Z,Dinamarca,0,6,0,2,0,3.162,5.8,83.2,True,148.6,176.0,57.4,13.6,0,0,63.0
196,2329903679,Series day üòú,13406.9,3813,4906,84.9,Run,2019-04-30T08:21:07Z,Dinamarca,4,6,0,1,0,3.516,4.5,86.1,True,147.0,171.0,43.9,18.0,2,0,75.0
197,2326457426,Carrera de tarde,30001.3,9179,9464,262.3,Run,2019-04-28T17:23:10Z,Dinamarca,12,8,2,1,0,3.268,6.0,83.9,True,164.2,195.0,56.7,5.5,5,0,362.0
198,2319730175,Haciendo unos recados üö¥üèΩ‚Äç‚ôÇÔ∏è,11149.5,2031,2608,71.0,Ride,2019-04-26T08:45:08Z,Dinamarca,0,6,0,1,0,5.49,8.9,,False,,,34.8,13.0,0,0,
199,2318406798,Cool down,2449.2,758,764,7.9,Run,2019-04-25T19:02:41Z,Dinamarca,0,3,0,1,0,3.231,4.3,,False,,,44.1,36.1,0,0,
0,2318368767,3/3,5007.3,1396,1412,25.6,Run,2019-04-25T18:29:51Z,Dinamarca,2,0,0,2,0,3.587,5.2,,False,,,45.6,34.9,2,0,
1,2318251788,2/3,5008.8,1434,1451,26.8,Run,2019-04-25T17:53:52Z,Dinamarca,0,2,6,2,0,3.493,5.2,,False,,,38.0,16.6,0,0,
2,2318165585,1/3,5017.5,1428,1447,24.6,Run,2019-04-25T17:18:39Z,Dinamarca,1,0,0,2,0,3.514,4.8,,False,,,43.9,32.4,1,0,
3,2318109041,Warm up,2603.4,837,844,7.9,Run,2019-04-25T17:01:37Z,Dinamarca,0,0,0,1,0,3.11,4.8,,False,,,44.1,36.1,0,0,
4,2315572432,Descanso activo?,8005.2,2501,2521,86.2,Run,2019-04-24T16:53:41Z,Dinamarca,0,7,0,1,0,3.201,4.8,,False,,,41.7,15.7,0,0,
5,2311829277,Morning run from DTU,14002.6,4356,4498,106.1,Run,2019-04-23T08:08:23Z,Dinamarca,3,5,0,2,0,3.215,5.4,,False,,,52.8,5.5,1,0,
6,2310679378,Cool down ,1714.2,574,609,2.2,Run,2019-04-22T19:19:51Z,Dinamarca,0,3,0,1,0,2.986,4.3,,False,,,34.9,28.3,0,0,
7,2310643967,5x(2km a 4:30/3‚Äô30rec) pero Strava no me cree,9847.0,2782,3708,50.6,Run,2019-04-22T18:12:13Z,Dinamarca,0,6,2,1,0,3.54,5.6,,False,,,41.7,30.6,0,0,
8,2310473966,Warm up,1699.3,607,667,8.7,Run,2019-04-22T18:00:27Z,Dinamarca,0,3,0,1,0,2.8,4.2,,False,,,34.9,28.3,0,0,
9,2308127835,Long run today ,30039.1,9542,9592,265.4,Run,2019-04-21T17:07:35Z,Dinamarca,7,9,7,1,0,3.148,5.7,,False,,,42.1,5.5,2,2,
10,2302229386,Carrera de tarde,14026.4,4331,4363,139.8,Run,2019-04-19T16:24:48Z,Dinamarca,0,5,0,1,0,3.239,6.0,,False,,,42.1,8.7,0,0,
11,2299080606,Cool down ,1235.8,441,462,0.0,Run,2019-04-18T14:10:11Z,Dinamarca,0,2,0,1,0,2.802,5.0,,False,,,34.9,28.3,0,0,
12,2299055486,Series Day- Fun Day ,9997.5,2884,3888,103.2,Run,2019-04-18T13:00:00Z,Dinamarca,2,4,2,1,0,3.467,5.6,,False,,,41.7,7.9,2,1,
13,2298899529,Warm up ,1793.1,602,609,15.4,Run,2019-04-18T12:49:39Z,Dinamarca,0,2,0,1,0,2.979,4.0,,False,,,41.7,28.3,0,0,
14,2297152925,"Como me he dejado el cargador del garmin en Espa√±a, aprovecho para salir con el m√≥vil y sacar unas fotos del parque de los ciervos  ü§™",13546.2,4108,4298,138.8,Run,2019-04-17T17:48:42Z,Dinamarca,4,6,2,1,0,3.298,4.9,,False,,,41.7,7.9,1,5,
15,2292381349,"El reloj se ha rayado 0,24km üôÉ",8240.0,2602,2653,77.9,Run,2019-04-15T19:57:52Z,Dinamarca,4,7,0,1,0,3.167,10.5,83.3,True,161.4,176.0,41.7,8.0,4,0,90.0
16,2288540392,Nike Marathon test 3 (half marathon),21234.3,5939,5939,109.9,Run,2019-04-14T09:30:47Z,Dinamarca,28,11,5,54,0,3.575,4.8,85.9,True,164.0,179.0,21.8,5.7,16,0,236.0
17,2288538369,Carrera de noche,3557.9,1157,1157,13.2,Run,2019-04-13T20:23:21Z,Dinamarca,0,4,0,1,0,3.075,4.9,84.6,True,138.2,151.0,41.7,28.3,0,0,10.0
18,2282869780,Carrera de tarde,7999.7,2533,2533,9.9,Run,2019-04-11T13:17:44Z,Dinamarca,0,5,0,1,0,3.158,3.5,84.0,True,127.6,148.0,5.2,-0.2,0,0,11.0
19,2282869441,Senderismo a la hora del almuerzo,4209.9,3602,3602,0.0,Hike,2019-04-11T11:12:33Z,Dinamarca,0,0,0,1,0,1.169,1.4,52.7,True,80.8,105.0,3.3,-0.1,0,0,5.0
20,2279847122,"Series day, fun day ",10617.4,3126,3848,68.5,Run,2019-04-10T17:45:56Z,Dinamarca,7,4,2,1,0,3.396,4.7,85.8,True,139.5,158.0,20.4,2.6,4,0,36.0
21,2276399107,Carrera de ma√±ana,10000.2,3166,3166,54.4,Run,2019-04-09T09:36:43Z,Dinamarca,3,6,0,1,0,3.159,3.8,83.7,True,163.2,183.0,19.4,0.2,1,0,118.0
22,2275356716,Carrera de noche,12541.3,3934,3937,304.0,Run,2019-04-08T20:06:32Z,Dinamarca,1,7,0,1,0,3.188,5.9,83.9,True,166.6,193.0,510.5,411.4,0,0,163.0
23,2272776632,Carrera de tarde,13001.5,4138,4167,291.3,Run,2019-04-07T17:38:51Z,Dinamarca,1,8,2,1,0,3.142,6.2,83.8,True,143.9,171.0,469.9,363.3,1,0,57.0
24,2268674434,Carrera de ma√±ana,20013.1,6278,6280,148.6,Run,2019-04-06T10:48:33Z,Dinamarca,9,6,0,1,0,3.188,5.3,83.6,True,176.5,191.0,49.6,-0.2,5,0,376.0
25,2264080478,Carrera en ayunas ,13013.6,4081,4215,147.4,Run,2019-04-04T11:18:16Z,Dinamarca,22,4,5,1,0,3.189,7.7,85.4,True,156.3,178.0,685.3,650.3,8,0,120.0
26,2263967699,Carrera de tarde,12175.8,3905,3963,136.5,Run,2019-04-03T17:37:13Z,Dinamarca,20,2,0,1,0,3.118,5.0,82.7,True,148.9,188.0,684.5,650.2,10,0,77.0
27,2257728050,Carrera de noche,12230.9,3673,4603,56.6,Run,2019-04-01T18:21:22Z,Dinamarca,0,7,0,1,0,3.33,4.9,87.0,True,127.6,148.0,41.7,26.7,0,0,17.0
28,2252410929,Carrera de tarde,20003.4,6691,6691,173.0,Run,2019-03-30T15:39:20Z,Dinamarca,4,6,0,2,0,2.99,4.4,83.1,True,159.2,179.0,45.1,7.9,0,0,216.0
29,2249302460,Carrera de ma√±ana,14005.7,4420,4420,128.7,Run,2019-03-29T10:59:05Z,Dinamarca,2,4,0,1,0,3.169,4.2,83.8,True,134.5,172.0,45.1,7.9,0,0,29.0
30,2247664099,Carrera de tarde,13858.5,4499,4507,114.5,Run,2019-03-28T17:44:32Z,Dinamarca,1,3,0,1,0,3.08,4.1,81.8,True,145.4,170.0,41.7,7.9,1,0,76.0
31,2242189410,Carrera de tarde,9698.9,3442,3442,0.0,Run,2019-03-26T16:20:13Z,Dinamarca,0,6,0,1,0,2.818,5.5,82.7,True,153.8,179.0,,,0,0,88.0
32,2240057137,Carrera de tarde,11612.2,3652,3664,110.7,Run,2019-03-25T17:44:18Z,Dinamarca,2,6,0,1,0,3.18,4.8,84.3,True,139.5,160.0,41.7,7.9,1,0,43.0
33,2237789752,Actividad de tarde,0.0,2148,2148,0.0,WeightTraining,2019-03-24T17:12:04Z,Dinamarca,0,1,0,1,0,0.0,0.0,,True,77.0,133.0,,,0,0,3.0
34,2234095743,Wonderful run üèÉ üåû ü¶å ,15304.2,5153,5156,140.5,Run,2019-03-23T13:17:27Z,Dinamarca,0,6,0,3,0,2.97,3.9,83.0,True,166.2,192.0,41.7,7.9,0,0,216.0
35,2231549753,Carrera a la hora del almuerzo,12091.0,3830,3830,111.7,Run,2019-03-22T12:55:37Z,Dinamarca,0,5,0,1,0,3.157,4.5,83.8,True,151.6,173.0,41.7,7.9,0,0,91.0
36,2229811154,Carrera de tarde,16500.6,5243,5243,96.1,Run,2019-03-21T17:08:24Z,Dinamarca,2,4,1,1,0,3.147,4.3,81.8,True,166.3,184.0,56.7,35.0,0,0,225.0
37,2224519220,Otro martes de series üòù,7506.8,2654,2654,0.0,Run,2019-03-19T14:58:17Z,Dinamarca,0,6,0,1,0,2.828,4.1,82.6,True,138.9,166.0,,,0,0,29.0
38,2222421037,Carrera de tarde,11651.2,3721,3723,87.4,Run,2019-03-18T16:48:28Z,Dinamarca,2,5,0,1,0,3.131,4.3,82.8,True,166.4,189.0,41.7,7.0,2,0,156.0
39,2216882021,Carrera a la hora del almuerzo,15380.9,4898,4914,121.3,Run,2019-03-16T12:19:26Z,Dinamarca,9,6,0,2,0,3.14,5.1,83.9,True,145.0,159.0,45.1,13.6,3,0,80.0
40,2214664186,Carrera a la hora del almuerzo,11054.3,3525,3525,109.8,Run,2019-03-15T11:43:08Z,Dinamarca,1,5,0,1,0,3.136,4.6,83.6,True,182.5,203.0,41.7,6.9,0,0,225.0
41,2212635916,Carrera a la hora del almuerzo,11094.5,3601,3601,0.0,Run,2019-03-14T12:13:56Z,Dinamarca,0,4,0,1,0,3.081,3.4,82.9,True,118.6,137.0,,,0,0,12.0
42,2210876133,Actividad de tarde,0.0,3024,3024,0.0,WeightTraining,2019-03-13T16:25:00Z,Dinamarca,0,4,0,1,0,0.0,0.0,,True,90.4,148.0,,,0,0,6.0
43,2208666818,Series pasadas por agua üí¶ üå® ‚ùÑÔ∏è ,11873.3,3995,4023,63.1,Run,2019-03-12T16:31:12Z,Dinamarca,4,4,0,1,0,2.972,4.9,78.8,True,135.6,168.0,41.7,25.9,1,0,38.0
44,2207803263,Carrera de ma√±ana,10979.3,3602,3602,115.6,Run,2019-03-11T09:50:31Z,Dinamarca,0,5,0,1,0,3.048,4.1,83.2,True,160.3,184.0,41.7,7.0,0,0,121.0
45,2197254499,Carrera de tarde,14999.3,4950,4950,150.0,Run,2019-03-07T15:14:40Z,Dinamarca,0,9,0,1,0,3.03,3.9,83.1,True,156.3,174.0,47.1,15.9,0,0,139.0
46,2195134104,Carrera de tarde,14088.9,4612,4617,99.7,Run,2019-03-06T15:13:35Z,Dinamarca,4,3,0,1,0,3.055,5.9,80.9,True,147.9,174.0,41.7,6.7,3,0,86.0
47,2192970660,Carrera de tarde,13470.4,4316,4331,97.4,Run,2019-03-05T15:52:26Z,Dinamarca,2,4,0,1,0,3.121,4.3,82.8,True,160.9,183.0,41.7,7.0,0,0,149.0
48,2188723638,Carrera de tarde,10017.7,3227,3229,113.0,Run,2019-03-03T15:18:13Z,Dinamarca,0,4,0,1,0,3.104,4.1,82.7,True,146.2,175.0,41.7,6.4,0,0,55.0
49,2185065215,Carrera de ma√±ana,12729.2,3892,3912,79.3,Run,2019-03-02T08:17:27Z,Dinamarca,0,7,1,1,0,3.271,5.1,83.4,True,177.2,193.0,41.7,4.4,0,0,235.0
50,2181784761,Carrera de tarde,11452.1,3601,3601,0.0,Run,2019-02-28T15:40:37Z,Dinamarca,0,4,0,1,0,3.18,3.5,83.9,True,170.9,184.0,,,0,0,182.0
51,2179397294,Carrera de tarde,8000.8,2882,2882,0.0,Run,2019-02-27T15:03:56Z,Dinamarca,0,3,0,1,0,2.776,4.8,83.1,True,164.0,192.0,,,0,0,111.0
52,2176735190,Carrera de tarde,9365.8,3001,3011,31.2,Run,2019-02-26T14:11:05Z,Dinamarca,1,3,0,1,0,3.121,4.3,82.5,True,166.8,186.0,49.4,36.1,0,0,133.0
53,2160164248,Carrera de tarde,10009.5,3063,3074,36.4,Run,2019-02-19T14:19:13Z,Dinamarca,3,4,0,1,0,3.268,4.4,85.1,True,160.6,181.0,49.5,36.1,1,0,102.0
54,2157449231,Carrera de ma√±ana,9402.1,3000,3005,31.1,Run,2019-02-18T10:09:52Z,Dinamarca,5,5,0,1,0,3.134,5.0,84.9,True,118.7,136.0,49.4,36.1,1,0,10.0
55,2153066174,Carrera de tarde,12008.3,3762,3762,98.1,Run,2019-02-16T14:12:19Z,Dinamarca,2,2,0,1,0,3.192,4.3,84.4,True,155.7,191.0,45.1,13.5,1,0,106.0
56,2148129636,Carrera de ma√±ana,12015.8,3873,3873,139.4,Run,2019-02-14T10:15:43Z,Dinamarca,1,6,0,1,0,3.102,4.2,84.0,True,172.5,198.0,41.7,3.4,0,0,200.0
57,2140734226,Carrera a la hora del almuerzo,7554.8,2479,2479,0.0,Run,2019-02-12T11:21:25Z,Dinamarca,0,4,0,1,0,3.048,4.7,86.4,True,138.6,162.0,,,0,0,29.0
58,2139056523,Carrera de tarde,12704.8,3971,3971,0.0,Run,2019-02-11T15:09:28Z,Dinamarca,0,3,0,1,0,3.199,3.8,85.8,True,155.4,181.0,,,0,0,107.0
59,2134345821,Carrera de tarde,11709.9,3594,3595,0.0,Run,2019-02-09T13:46:36Z,Dinamarca,0,2,0,1,0,3.258,3.6,85.9,True,138.3,162.0,,,0,0,35.0
60,2130059435,Carrera de ma√±ana,12295.7,3980,3980,0.0,Run,2019-02-07T09:13:59Z,Dinamarca,0,4,0,1,0,3.089,3.8,84.0,True,148.2,180.0,,,0,0,79.0
61,2125375421,Carrera de ma√±ana,10236.8,3601,3601,0.0,Run,2019-02-05T10:29:01Z,Dinamarca,0,3,0,1,0,2.843,4.3,83.3,True,140.2,182.0,,,0,0,43.0
62,2123328579,Carrera de ma√±ana,8812.8,2910,2928,0.0,Run,2019-02-04T10:47:13Z,Dinamarca,0,4,1,1,0,3.028,3.9,81.6,True,157.0,177.0,,,0,0,84.0
63,2119419625,Carrera de tarde,9013.5,2944,3033,91.0,Run,2019-02-02T16:04:01Z,Dinamarca,1,5,1,1,0,3.062,4.8,82.5,True,159.5,177.0,41.7,16.3,0,0,97.0
64,2117265079,Series en cinta,7222.7,2693,2693,0.0,Run,2019-02-01T15:31:12Z,Dinamarca,0,4,0,1,0,2.682,3.7,81.7,True,141.2,163.0,,,0,0,36.0
65,2117110966,Carrera de noche,12094.8,3919,3919,0.0,Run,2019-01-31T18:28:09Z,Dinamarca,0,5,0,1,0,3.086,4.1,83.1,True,157.5,173.0,,,0,0,112.0
66,2098560342,Carrera de tarde,7039.7,2903,2903,0.0,Run,2019-01-23T14:27:25Z,Dinamarca,0,3,2,1,0,2.425,4.3,82.6,True,147.5,186.0,,,0,0,59.0
67,2093917305,Objetivo Marat√≥n üôåüèΩüôåüèΩ,9173.7,2951,2951,0.0,Run,2019-01-21T15:46:27Z,Dinamarca,0,4,1,1,0,3.109,3.7,84.2,True,159.3,172.0,,,0,0,94.0
68,2090934336,Carrera a la hora del almuerzo,3456.7,1089,1089,0.0,Run,2019-01-20T11:04:46Z,Dinamarca,0,1,0,1,0,3.174,4.3,85.7,True,151.3,161.0,,,0,0,27.0
69,2084357380,Actividad de ma√±ana,0.0,715,715,0.0,WeightTraining,2019-01-17T10:14:09Z,Dinamarca,0,0,0,1,0,0.0,0.0,,True,98.5,121.0,,,0,0,1.0
70,2084357224,Test +1km/h cada minuto,2385.3,675,675,0.0,Run,2019-01-17T09:58:27Z,Dinamarca,0,3,0,1,0,3.534,5.2,87.4,True,153.6,173.0,,,0,0,18.0
71,2079865627,Carrera a la hora del almuerzo,5192.2,1614,1614,0.0,Run,2019-01-15T11:16:58Z,Dinamarca,0,3,0,1,0,3.217,3.9,85.2,True,150.3,175.0,,,0,0,33.0
72,2079824061,Actividad de ma√±ana,0.0,1724,1724,0.0,WeightTraining,2019-01-15T10:47:49Z,Dinamarca,0,1,0,1,0,0.0,0.0,,True,93.5,146.0,,,0,0,3.0
73,2062478311,Ciclismo por las rocosas monta√±as de Xixona ,21229.2,6199,7470,558.1,Ride,2019-01-07T16:01:33Z,Dinamarca,2,8,0,1,0,3.425,12.2,,True,141.0,185.0,845.2,414.8,1,2,88.0
74,2056424668,Actividad de ma√±ana,0.0,868,868,0.0,Workout,2019-01-05T10:02:49Z,Dinamarca,0,0,0,1,0,0.0,0.0,,True,81.1,113.0,,,0,0,1.0
75,2055241104,Carrera de tarde,7015.0,2172,2172,137.3,Run,2019-01-04T17:19:09Z,Dinamarca,0,4,0,1,0,3.23,6.2,82.9,True,171.5,191.0,470.9,385.1,0,0,108.0
76,2052242891,Carrera de ma√±ana,5005.8,1616,1616,103.8,Run,2019-01-03T10:30:17Z,Dinamarca,0,5,0,1,0,3.098,4.1,82.4,True,144.4,170.0,510.6,433.8,0,0,25.0
77,2041532008,Excursi√≥n de ma√±ana,7673.7,6453,6618,286.6,Hike,2018-12-29T08:58:14Z,Dinamarca,0,5,0,1,0,1.189,2.4,57.7,True,77.6,132.0,711.9,449.9,0,0,9.0
78,2039868408,Excursi√≥n de ma√±ana,10096.5,8336,11027,690.6,Hike,2018-12-28T09:33:56Z,Dinamarca,0,4,0,1,0,1.211,2.4,59.9,True,119.3,181.0,1125.9,430.0,0,0,46.0
79,2038586621,Actividad de tarde,0.0,949,949,0.0,Workout,2018-12-27T17:30:58Z,Dinamarca,0,0,0,1,0,0.0,0.0,,True,91.9,119.0,,,0,0,2.0
80,2037947876,El Peporro va en moto #BreakingGas,6442.3,1974,1993,169.6,Run,2018-12-27T11:59:40Z,Dinamarca,1,2,0,1,0,3.264,4.8,,False,,,530.2,397.1,0,0,
81,2029242249,Carrera a la hora del almuerzo,5690.5,1783,1788,155.1,Run,2018-12-22T11:10:41Z,Dinamarca,1,4,0,1,0,3.192,4.8,,False,,,492.9,397.8,0,0,
82,2012289682,4x1000 post gym en cinta ,4000.0,1040,1040,0.0,Run,2018-12-11T20:27:56Z,Dinamarca,0,4,0,1,0,3.846,0.0,,False,,,,,0,0,
83,2008266280,Morning run with the beast,15654.2,4833,4932,123.3,Run,2018-12-09T12:29:21Z,Dinamarca,1,7,1,2,0,3.239,6.1,,False,,,45.1,13.5,0,1,
84,2005146076,"Me encanta cuando Strava no funciona üôÉüôÑ, la sauna no falla ",9000.0,2655,2655,0.0,Run,2018-12-07T18:34:12Z,Dinamarca,0,4,0,1,0,3.39,0.0,,False,,,,,0,1,
85,2003412996,"Soltando piernas, descanso activo ",2300.0,840,840,0.0,Run,2018-12-06T17:13:08Z,Dinamarca,0,0,0,1,0,2.738,0.0,,False,,,,,0,0,
86,1999403581,Cinta,4000.0,1200,1200,0.0,Run,2018-12-04T11:34:03Z,Dinamarca,0,0,0,1,0,3.333,0.0,,False,,,,,0,1,
87,1992791299,Running + Sauna + beer ,8900.3,2554,2571,32.3,Run,2018-11-30T15:47:42Z,Dinamarca,7,8,3,2,0,3.485,5.6,,False,,,49.5,36.1,3,1,
88,1977310174,Carrera de tarde,12015.5,3680,3699,85.0,Run,2018-11-21T17:07:51Z,Dinamarca,0,5,0,1,0,3.265,4.9,,False,,,52.3,21.1,0,0,
89,1973951760,Carrera de noche,8011.8,2516,2565,52.0,Run,2018-11-19T18:21:39Z,Dinamarca,1,3,0,1,0,3.184,4.8,,False,,,35.2,21.4,0,0,
90,1966152098,Carrera de tarde,6000.0,1800,1800,0.0,Run,2018-11-15T15:11:33Z,Dinamarca,0,3,0,1,0,3.333,0.0,,False,,,,,0,0,
91,1951351033,Carrera de tarde,9000.5,2626,2656,85.7,Run,2018-11-07T16:04:10Z,Dinamarca,1,5,0,1,0,3.427,5.5,,False,,,41.6,15.1,1,0,
92,1947889500,Carrera de noche,8008.5,2413,2435,50.3,Run,2018-11-05T19:03:59Z,,2,5,3,1,0,3.319,4.6,,False,,,35.4,21.4,2,0,
93,1944610922,Entreno en ayunas ,10016.3,3206,3358,94.7,Run,2018-11-04T08:10:01Z,,0,3,0,1,0,3.124,4.7,,False,,,41.6,15.5,0,0,
94,1938881462,"Carrera suave, sumando km",7207.3,2333,2372,45.8,Run,2018-11-01T08:13:29Z,,0,1,0,1,0,3.089,4.3,,False,,,44.9,27.6,0,0,
95,1936381552,Carrera de noche,8039.9,2480,2540,52.7,Run,2018-10-30T20:21:07Z,,0,2,0,1,0,3.242,4.5,,False,,,35.3,21.4,0,0,
96,1932166713,"3¬∫C , que fr√≠o ",8518.9,2459,2750,88.1,Run,2018-10-28T13:31:18Z,,0,3,0,1,0,3.464,5.1,,False,,,41.5,13.6,0,0,
97,1849881119,Carrera de tarde,8508.8,2787,2850,88.6,Run,2018-09-18T15:44:54Z,,1,1,0,2,0,3.053,6.3,,False,,,38.8,12.0,0,0,
98,1829301820,After WORKOUT,4379.2,1435,1447,40.0,Run,2018-09-09T11:32:04Z,,0,0,0,1,0,3.052,4.6,,False,,,43.2,18.5,0,0,
99,1818940656,ü§üüèΩü§üüèΩ,10016.3,3222,3237,71.9,Run,2018-09-04T17:08:06Z,,0,4,3,1,0,3.109,4.5,,False,,,46.2,17.0,0,0,
100,1814197138,DETOX,5765.9,1981,2913,109.0,Run,2018-09-02T13:52:01Z,,0,0,0,1,0,2.911,4.7,,False,,,58.0,20.0,0,0,
101,1770798513,"Carrer ma√±anera, musho calor üí•",5095.2,1570,1577,29.5,Run,2018-08-14T08:45:16Z,,2,2,0,1,0,3.245,4.1,,False,,,13.0,4.2,0,0,
102,1757726093,D√≠a 0,4011.8,1392,1408,20.8,Run,2018-08-08T09:07:48Z,,2,0,0,1,0,2.882,4.0,,False,,,13.2,4.0,0,0,
103,1739821873,Caminata de tarde,3812.8,2697,2697,0.0,Walk,2018-07-31T13:12:08Z,,0,0,0,1,0,1.414,2.1,,False,,,1.6,-0.1,0,0,
104,1737599372,Caminata de tarde,3621.8,2549,2549,0.0,Walk,2018-07-30T13:12:21Z,,0,0,0,1,0,1.421,2.0,,False,,,1.6,-0.1,0,0,
105,1727529482,Carrera de noche,8097.5,2483,2507,65.8,Run,2018-07-25T20:12:46Z,,3,0,0,1,0,3.261,4.9,,False,,,18.3,4.0,1,0,
106,1727051797,Descanso activo ,3560.4,2475,2475,0.0,Walk,2018-07-25T16:56:58Z,,0,0,0,1,0,1.439,2.1,,False,,,1.7,-0.1,0,0,
107,1725120797,Resaca del camino,7008.3,2204,2209,51.1,Run,2018-07-24T19:52:29Z,,3,0,0,1,0,3.18,4.1,,False,,,15.0,3.7,0,0,
108,1719253990,ETAPA 12 Arz√∫a - Santiago,38579.3,7914,8755,574.0,Ride,2018-07-20T08:36:19Z,,0,0,0,2,0,4.875,16.3,,False,,,401.4,243.4,0,2,
109,1719248876,ETAPA 11 (2/2) Sarri√° - Arz√∫a ,28733.7,4955,5748,436.0,Ride,2018-07-19T12:26:34Z,,0,0,0,2,0,5.799,15.2,,False,,,556.6,319.0,0,0,
110,1719252048,ETAPA 11 (1/2) Sarri√° - Arz√∫a ,47950.0,11430,13714,948.0,Ride,2018-07-19T07:56:03Z,,0,0,0,2,0,4.195,15.3,,False,,,711.6,366.0,0,0,
111,1719247653,ETAPA 10 (2/2) Villafranca del Bierzo - Sarri√°,44090.0,6944,7609,425.0,Ride,2018-07-18T11:14:14Z,,0,0,0,2,0,6.349,16.0,,False,,,1336.4,442.8,0,0,
112,1719245717,ETAPA 10 (1/2) Villafranca del Bierzo - Sarri√°,28593.8,7733,7882,895.0,Ride,2018-07-18T07:59:18Z,,0,0,0,2,0,3.698,15.7,,False,,,1303.4,506.2,0,0,
113,1719244205,ETAPA 9 (2/2) Astorga - Villafranca del Bierzo,30068.8,4992,5584,160.0,Ride,2018-07-17T12:09:28Z,,0,0,0,2,0,6.023,13.5,,False,,,608.2,458.6,0,0,
114,1719242741,ETAPA 9 (1/2) Astorga - Villafranca del Bierzo,49846.2,9780,11736,771.0,Ride,2018-07-17T08:07:07Z,,0,0,0,2,0,5.097,14.6,,False,,,1480.2,588.0,0,0,
115,1706773712,ETAPA 8 Le√≥n - Astorga,50047.6,9321,10797,380.0,Ride,2018-07-16T07:47:07Z,,0,0,0,2,0,5.369,13.4,,False,,,917.8,815.4,0,0,
116,1704823250,ETAPA 7 Carri√≥n de los condes - Le√≥n,92237.0,15372,17586,531.0,Ride,2018-07-15T07:42:27Z,,0,0,0,2,0,6.0,13.4,,False,,,913.2,801.8,0,0,
117,1701637969,ETAPA 6 Burgos - Carri√≥n de los Condes,84030.8,16419,19963,659.0,Ride,2018-07-14T07:56:03Z,,0,1,0,2,0,5.118,11.1,,False,,,934.0,771.4,0,4,
118,1699517507,ETAPA 5 Santo Domingo de la Calzada - Burgos,72602.7,16096,19042,960.0,Ride,2018-07-13T07:46:51Z,,0,3,0,2,0,4.511,13.3,,False,,,1143.6,629.4,0,1,
119,1697455821,ETAPA 4 Logro√±o - Santo Domingo de la Calzada,50579.5,12221,14053,816.0,Ride,2018-07-12T07:46:35Z,,0,1,0,2,0,4.139,12.6,,False,,,739.6,394.6,0,3,
120,1697456668,ETAPA 3 (2/2) Puente la Reina - Logro√±o,48538.9,8161,8838,452.0,Ride,2018-07-11T10:38:11Z,,0,1,0,2,0,5.948,15.2,,False,,,624.6,363.6,0,0,
121,1697456286,ETAPA 3 (1/2) Puente la Reina - Logro√±o,23004.7,6052,7570,404.0,Ride,2018-07-11T07:59:41Z,,0,1,0,2,0,3.801,13.8,,False,,,506.8,354.0,0,0,
122,1692999958,ETAPA 2 Zubiri-Puente la reina ,43949.0,11413,14283,693.0,Ride,2018-07-10T07:32:52Z,,0,1,0,2,0,3.851,17.8,,False,,,674.8,364.0,0,2,
123,1691067261,No he subido tanto en mi vida hulio,44376.5,16869,22899,1728.0,Ride,2018-07-09T07:18:06Z,,0,3,0,2,0,2.631,16.0,,False,,,1401.0,175.6,0,2,
124,1658254225,Ciclismo por la ma√±ana,40465.9,6756,7118,332.5,Ride,2018-06-24T07:52:39Z,,11,2,0,2,0,5.99,13.6,,False,,,78.9,3.7,3,0,
125,1641269478,Ciclismo por la ma√±ana,37263.9,6025,6370,322.8,Ride,2018-06-16T07:51:14Z,,14,1,0,2,0,6.185,14.6,,False,,,75.5,4.0,4,0,
126,1638058243,Ciclismo por la tarde,36701.8,6292,6563,306.6,Ride,2018-06-14T14:46:33Z,,13,2,0,1,0,5.833,11.7,,False,,,73.8,4.0,2,0,
127,1634460916,Ciclismo al anochecer,36504.9,5810,5926,295.3,Ride,2018-06-12T19:32:56Z,,17,2,0,1,0,6.283,11.7,,False,,,75.5,4.0,5,0,
128,1632346280,Post gym,8099.4,2506,2653,147.2,Run,2018-06-11T20:30:26Z,,6,1,0,1,0,3.232,6.7,,False,,,22.0,3.8,1,0,
129,1630509404,Ciclismo al anochecer,31909.6,6645,8050,309.5,Ride,2018-06-10T19:15:54Z,,2,0,0,1,0,4.802,11.6,,False,,,31.9,2.1,0,0,
130,1623750856,Ciclismo al anochecer,19609.2,3844,4843,236.2,Ride,2018-06-07T20:00:39Z,,7,0,0,1,0,5.101,10.7,,False,,,31.8,1.2,2,0,
131,1613063245,15km nocturna VALENCIA ,15462.4,4437,4456,212.0,Run,2018-06-02T22:31:20Z,,3,6,0,264,0,3.47,5.1,,False,,,33.8,-1.0,1,0,
132,1604264234,Recuperaci√≥n,16156.2,3542,4033,168.3,Ride,2018-05-29T19:37:03Z,,0,0,0,1,0,4.561,10.8,,False,,,31.9,3.0,0,0,
133,1581341530,Ciclismo por la ma√±ana,39297.6,6799,7766,349.9,Ride,2018-05-19T09:18:52Z,,17,2,0,2,0,5.78,11.1,,False,,,78.9,4.0,3,0,
134,1560245685,Ciclismo por la tarde,41288.4,6687,7286,361.5,Ride,2018-05-09T15:56:45Z,,25,0,0,2,0,6.174,10.4,,False,,,78.9,4.0,14,0,
135,1560042238,Otra vez falta media ruta ü§¶üèΩ‚Äç‚ôÇÔ∏è,20495.1,3270,3322,169.5,Ride,2018-04-25T12:01:22Z,,15,0,0,1,0,6.268,10.5,,False,,,78.9,4.1,6,0,
136,1526749054,Entrenamiento a la hora del almuerzo,39202.2,6327,6708,329.0,Ride,2018-04-23T12:01:50Z,,33,2,0,1,0,6.196,11.3,,False,,,78.9,4.0,14,0,
137,1522982506,Recordando esto de correr ,8133.1,2322,2396,151.7,Run,2018-04-21T19:55:08Z,,7,0,0,1,0,3.503,7.8,,False,,,22.0,3.8,2,0,
138,1498130708,Falta la ida ü§¶üèΩ‚Äç‚ôÇÔ∏è( 2 entreno) ,15632.5,2309,2317,137.5,Ride,2018-04-09T08:31:31Z,,16,1,0,1,0,6.77,11.5,,False,,,43.0,3.0,12,0,
139,1495709239,1er entrenamiento üèãÔ∏è‚Äç‚ôÄÔ∏è ,30258.3,4829,5136,293.9,Ride,2018-04-08T07:37:41Z,,12,0,0,1,0,6.266,13.0,,False,,,33.0,-2.0,12,0,
140,1453069458,Rodilla üí£,5683.9,1616,1731,103.4,Run,2018-03-14T18:47:12Z,,2,0,0,2,0,3.517,8.8,,False,,,24.0,3.8,1,0,
141,1447394696,"Mucho viento, pero este es el ritmo",13937.8,4081,4172,244.1,Run,2018-03-11T12:26:47Z,,15,1,0,3,0,3.415,6.2,,False,,,27.5,3.8,1,0,
142,1444371970,üí£üí£üí£,10044.8,2845,2976,180.0,Run,2018-03-09T20:03:59Z,,19,0,0,2,0,3.531,8.6,,False,,,24.0,3.0,5,0,
143,1433847290,Falta media ruta üí£,6776.0,3196,3919,661.7,Run,2018-03-03T10:46:33Z,,0,1,0,2,0,2.12,5.4,,False,,,1079.8,542.0,0,1,
144,1430144323,Volviendo a las andadas ,10382.8,3052,3137,189.8,Run,2018-02-28T17:15:36Z,,6,0,0,1,0,3.402,5.7,,False,,,24.0,3.8,0,0,
145,1404373547,Estoy jodido ü§¶üèΩ‚Äç‚ôÇÔ∏èü§∑üèΩ‚Äç‚ôÇÔ∏è,8972.5,2645,2669,157.6,Run,2018-02-12T18:23:12Z,,12,0,0,3,0,3.392,4.8,,False,,,24.0,3.8,6,0,
146,1392037161,Carrera de noche,13959.9,3983,4036,255.1,Run,2018-02-04T20:20:20Z,,30,0,0,1,0,3.505,6.6,,False,,,27.7,3.0,9,0,
147,1390000294,Carrera de noche,12230.9,3403,3413,200.0,Run,2018-02-03T20:23:33Z,,37,0,0,1,0,3.594,10.1,,False,,,26.9,3.0,27,0,
148,1383128344,Batiendo records ,16128.5,4962,4973,260.8,Run,2018-01-30T16:43:37Z,,21,0,0,1,0,3.25,5.8,,False,,,28.9,3.0,0,0,
149,1375787586,Carrera de ma√±ana,10282.7,3111,3218,176.0,Run,2018-01-26T09:29:01Z,,15,0,0,1,0,3.305,8.0,,False,,,24.0,3.8,0,0,
150,1372148104,Carrera de noche,12448.9,3552,3573,214.0,Run,2018-01-23T20:52:51Z,,35,0,0,1,0,3.505,6.7,,False,,,27.1,3.0,17,0,
151,1361987036,Afinando ,12033.4,3426,3440,147.5,Run,2018-01-17T19:17:36Z,,17,0,0,1,0,3.512,8.4,,False,,,25.1,3.8,14,0,
152,1251444203,Carrera de ma√±ana,6647.1,2012,2024,72.4,Run,2017-10-29T08:24:23Z,,6,0,0,1,0,3.304,5.2,,False,,,24.4,0.2,3,0,
153,968750193,Pedalada de ma√±ana,15298.4,3015,3186,66.5,Ride,2017-05-03T09:44:30Z,,0,0,0,1,0,5.074,11.9,,False,,,30.0,3.4,0,0,
154,814702011,Carrera de tarde,5536.5,1747,2432,165.8,Run,2016-12-29T13:24:03Z,,5,0,0,1,0,3.169,11.9,,False,,,537.0,415.9,2,0,
155,689339708,Ayunas,5652.3,1769,1769,0.0,Run,2016-08-26T09:00:31Z,,3,0,0,1,0,3.195,4.3,,False,,,14.1,3.8,0,0,
156,679316688,Entrenamiento 3 ( velocidad ),5053.6,1409,1414,10.2,Run,2016-08-17T16:15:37Z,,6,0,0,1,0,3.587,5.0,,False,,,220.5,210.0,2,0,
157,677222089,Entreno 2,13398.7,4415,4429,64.6,Run,2016-08-15T19:28:31Z,,7,0,0,1,0,3.035,11.0,,False,,,239.9,209.5,2,0,
158,671305093,Entreno 1,10093.8,3268,3304,55.8,Run,2016-08-10T17:01:59Z,,0,0,0,1,0,3.089,13.0,,False,,,241.1,209.4,0,0,
